"","num","mean","sd","min","max","se"
"1",50400,2.61479067460317,6.87760373469181,0,88,0.0612705638505087
