"","num","mean","sd","min","max","se"
"1",50400,2.60938075396825,6.77944363942437,0,68,0.0603960842182615
