"","num","mean","sd","min","max","se"
"1",50400,2.42464662698413,6.838192861772,0,93,0.0609194638891287
