"","num","mean","sd","min","max","se"
"1",50400,2.42525337301587,6.80401333563442,0,80,0.0606149684690118
