"","num","mean","sd","min","max","se"
"1",172800,2.42155405092593,6.7650003132268,0,93,0.0325481229325783
