"","num","mean","sd","min","max","se"
"1",172800,3.26751012731482,7.28052402645427,0,85,0.0350284375542909
