"","num","mean","sd","min","max","se"
"1",172800,2.42150815972222,6.72629456297632,0,80,0.0323618998048591
