"","num","mean","sd","min","max","se"
"1",50400,2.6216626984127,6.72949263125601,0,85,0.0599510852689997
