"","num","mean","sd","min","max","se"
"1",172800,3.24111574074074,7.23957833844463,0,88,0.0348314375210033
