"","num","mean","sd","min","max","se"
"1",50400,2.41721845238095,6.66041406649009,0,56,0.0593356845020374
