"","num","mean","sd","min","max","se"
"1",172800,14.6621809027778,0.27307752337927,1.93,14.92,0.00131384484693882
