"","num","mean","sd","min","max","se"
"1",50400,13.1496232142857,0.822714019089435,2.01,14.21,0.00732931901602015
