"","num","mean","sd","min","max","se"
"1",50400,15.8391363095238,0.801258324851698,1.71,16.84,0.00713817649975112
