"","num","mean","sd","min","max","se"
"1",50400,13.1913168650794,0.842835601185265,2.03,14.32,0.00750857631669263
