"","num","mean","sd","min","max","se"
"1",50400,14.459335515873,0.416697257996667,1.93,14.61,0.00371223422245637
