"","num","mean","sd","min","max","se"
"1",172800,17.9044467013889,1.82477964442122,2.4,20.92,0.00877947515765284
