"","num","mean","sd","min","max","se"
"1",172800,18.0742444444444,1.79548472209251,1.71,21.05,0.0086385298968831
