"","num","mean","sd","min","max","se"
"1",172800,14.9976677662037,0.299717712648546,1.74,15.27,0.00144201751732114
