"","num","mean","sd","min","max","se"
"1",50400,12.1798408730159,0.385631394119269,1.99,12.37,0.00343547751042451
