"","num","mean","sd","min","max","se"
"1",50400,15.6654228174603,0.721953673914782,2.4,16.63,0.00643167451645674
