"","num","mean","sd","min","max","se"
"1",50400,12.0534438492063,0.358235027585058,2.1,12.17,0.0031914112789638
