"","num","mean","sd","min","max","se"
"1",54000,0.276262481481481,0.0641530726154522,0.155,12.7,0.000552141737439292
