"","num","mean","sd","min","max","se"
"1",11000,359.466909090909,59.8092764958017,300,2217,1.14051815257185
