"","num","mean","sd","min","max","se"
"1",10000,1412.1685,79.2613622397722,1292,3102,1.58522724479544
