"","num","mean","sd","min","max","se"
"1",11000,351.059272727273,60.5445913819852,301,2340,1.15454005727768
