"","num","mean","sd","min","max","se"
"1",15000,348.0198,59.9718599252362,286,2171,0.979336371616637
