"","num","mean","sd","min","max","se"
"1",10000,1477.0403,371.301483103753,1291,16509,7.42602966207507
