"","num","mean","sd","min","max","se"
"1",172800,2.42346226851852,6.7308957265868,0,87,0.0323840371636016
