"","num","mean","sd","min","max","se"
"1",172800,3.32792679398148,7.20854972626433,0,88,0.0346821510410459
