"","num","mean","sd","min","max","se"
"1",172800,3.30356707175926,7.15223622270654,0,69,0.0344112125707284
