"","num","mean","sd","min","max","se"
"1",172800,2.42127395833333,6.67853882187387,0,86,0.0321321348883521
