"","num","mean","sd","min","max","se"
"1",172800,14.8116611689815,0.284209240826994,1.79,15.07,0.00136740234748037
