"","num","mean","sd","min","max","se"
"1",172800,15.2471568865741,0.366055043098261,1.65,15.54,0.00176118314725834
