"","num","mean","sd","min","max","se"
"1",172800,18.1376991319444,1.97251541196366,1.77,21.3,0.00949026920064922
