"","num","mean","sd","min","max","se"
"1",172800,18.3524861689815,1.92177637678505,1.87,21.39,0.00924615090382592
