"","num","mean","sd","min","max","se"
"1",54000,0.275572574074074,0.00908412137607528,0.13,0.351,7.81836684543697e-05
