"","num","mean","sd","min","max","se"
"1",11000,495.012363636364,71.1688167918241,414,3055,1.35713608663756
