"","num","mean","sd","min","max","se"
"1",11000,614.289181818182,77.6566754561263,504,3140,1.48085469705206
