"","num","mean","sd","min","max","se"
"1",1100,627.89,211.746998436056,497,3132,12.7688244417522
