"","num","mean","sd","min","max","se"
"1",10000,2484.1757,119.171593160334,2296,5519,2.38343186320668
