"","num","mean","sd","min","max","se"
"1",15000,486.119266666667,71.1314432648715,405,2993,1.16157160444444
