"","num","mean","sd","min","max","se"
"1",1485,629.800673400673,208.689775758863,513,3128,10.830984672372
