"","num","mean","sd","min","max","se"
"1",11000,47.7739090909091,8.63779919089228,36,300,0.164716367638633
