"","num","mean","sd","min","max","se"
"1",8276,35.235886901885,7.43632889962128,1.2,71,0.163485162945471
