"","num","mean","sd","min","max","se"
"1",6865,38.1367516387473,13.0566713335142,0,94,0.315168058902877
