"","num","mean","sd","min","max","se"
"1",8119,68.5943096440448,13.3407171771195,4,125,0.296113291768059
