"","num","mean","sd","min","max","se"
"1",8420,39.7342399049881,9.48919302438907,0.5,83,0.206825094217684
