"","num","mean","sd","min","max","se"
"1",8428,37.6064072140484,7.52303368584983,0.9,76,0.163893125950875
