"","num","mean","sd","min","max","se"
"1",8429,136003.663423894,64883.4570777667,17949,265817,1413.43535502736
