"","num","mean","sd","min","max","se"
"1",6866,139763.582726478,64294.8673614511,19666,294443,1551.86665252217
