"","num","mean","sd","min","max","se"
"1",8420,139205.132897862,63004.4083596369,19365,270294,1373.23507506059
