"","num","mean","sd","min","max","se"
"1",8276,145633.593281779,60692.9865762095,19194,260394,1334.31467784651
