"","num","mean","sd","min","max","se"
"1",8119,244365.313954921,98939.2775525943,25840,476416,2196.07647567101
