"","num","mean","sd","min","max","se"
"1",108000,0.275917527777778,0.0458166842072176,0.13,12.7,0.00027883146055982
