"","num","mean","sd","min","max","se"
"1",11000,827.680363636364,102.890233903011,521,5943,1.96203977650499
