"","num","mean","sd","min","max","se"
"1",11000,1548.67409090909,351.243074381835,1319,6204,6.69794262309373
