"","num","mean","sd","min","max","se"
"1",900,17.1059222222222,40.6343649109725,1.33,607,2.7089576607315
