"","num","mean","sd","min","max","se"
"1",900,35.6652444444444,96.1677831556407,1.16,793,6.41118554370938
